run,dataset,metric,step,pointmap_loss
dtok32,KITTI,single,562,10.458319
dtok32,KITTI,single,1124,10.112045
dtok32,KITTI,single,1686,15.103068
dtok32,KITTI,single,2248,17.172028
dtok32,KITTI,single,2810,4.382149
dtok32,KITTI,single,3372,1.986913
dtok32,KITTI,single,3934,1.089865
dtok32,KITTI,single,4496,0.758829
dtok32,KITTI,single,5058,0.618864
dtok32,KITTI,single,5620,0.731021
dtok32,KITTI,single,6182,0.550124
dtok32,KITTI,single,6744,0.632718
dtok32,KITTI,single,7306,0.498557
dtok32,KITTI,single,7868,0.459818
dtok32,KITTI,single,8430,0.503125
dtok32,KITTI,single,8992,0.492464
dtok32,KITTI,single,9554,0.440947
dtok32,KITTI,single,10116,0.437833
dtok32,KITTI,single,10678,0.414288
dtok32,KITTI,single,11240,0.477960
dtok32,KITTI,single,11802,0.459252
dtok32,KITTI,single,12364,0.466366
dtok32,KITTI,single,12926,0.441116
dtok32,KITTI,single,13488,0.434015
dtok32,KITTI,single,14050,0.422637
dtok32,KITTI,single,14612,0.395076
dtok32,KITTI,single,15174,0.400527
dtok32,KITTI,single,15736,0.394871
dtok32,KITTI,single,16298,0.378750
dtok32,KITTI,single,16860,0.423264
dtok32,KITTI,single,17422,0.389822
dtok32,KITTI,single,17984,0.450299
dtok32,KITTI,single,18546,0.394386
dtok32,KITTI,single,19108,0.406056
dtok32,KITTI,single,19670,0.446255
dtok32,KITTI,single,20232,0.423122
dtok32,KITTI,single,20794,0.402468
dtok32,KITTI,single,21356,0.412405
dtok32,KITTI,single,21918,0.391588
dtok32,KITTI,single,22480,0.396262
dtok32,KITTI,single,23042,0.383145
dtok32,KITTI,single,23604,0.379590
dtok32,KITTI,single,24166,0.395292
dtok32,KITTI,single,24728,0.392987
dtok32,KITTI,single,25290,0.407834
dtok32,KITTI,single,25852,0.393441
dtok32,KITTI,single,26414,0.369575
dtok32,KITTI,single,26976,0.427555
dtok32,KITTI,single,27538,0.377033
dtok32,KITTI,single,28100,0.370534
dtok32,KITTI,single,28662,0.398165
dtok32,KITTI,single,29224,0.372926
dtok32,KITTI,single,29786,0.401100
dtok32,KITTI,single,30348,0.374677
dtok32,KITTI,single,30910,0.397090
dtok32,KITTI,single,31472,0.393461
dtok32,KITTI,single,32034,0.362423
dtok32,KITTI,single,32596,0.373367
dtok32,KITTI,single,33158,0.404405
dtok32,KITTI,single,33720,0.378980
dtok32,KITTI,single,34282,0.406304
dtok32,KITTI,single,34844,0.374429
dtok32,KITTI,single,35406,0.359605
dtok32,KITTI,single,35968,0.366175
dtok32,KITTI,single,36530,0.380166
dtok32,KITTI,single,37092,0.407572
dtok32,KITTI,single,37654,0.374443
dtok32,KITTI,single,38216,0.369115
dtok32,KITTI,single,38778,0.362287
dtok32,KITTI,single,39340,0.353617
dtok32,KITTI,single,39902,0.383197
dtok32,KITTI,single,40464,0.353884
dtok32,KITTI,single,41026,0.350048
dtok32,KITTI,single,41588,0.364912
dtok32,KITTI,single,42150,0.384217
dtok32,KITTI,single,42712,0.359201
dtok32,KITTI,single,43274,0.360491
dtok32,KITTI,single,43836,0.354163
dtok32,KITTI,single,44398,0.351097
dtok32,KITTI,single,44960,0.353623
dtok32,KITTI,single,45522,0.334687
dtok32,KITTI,single,46084,0.330659
dtok32,KITTI,single,46646,0.346495
dtok32,KITTI,single,47208,0.364263
dtok32,KITTI,single,47770,0.341887
dtok32,KITTI,single,48332,0.363494
dtok32,KITTI,single,48894,0.361518
dtok32,KITTI,single,49456,0.344368
dtok32,KITTI,single,50018,0.358982
dtok32,KITTI,single,50580,nan
dtok32,KITTI,single,51142,nan
dtok32,KITTI,single,51704,nan
dtok32,KITTI,single,52266,nan
dtok32,KITTI,single,52828,nan
dtok32,KITTI,single,53390,nan
dtok32,KITTI,single,53952,nan
dtok32,KITTI,single,54514,nan
dtok32,KITTI,single,55076,nan
dtok32,KITTI,single,55638,nan
dtok32,KITTI,single,56200,nan
dtok32,KITTI,single,56762,nan
dtok32,KITTI,AR,562,32.504734
dtok32,KITTI,AR,1124,28.376308
dtok32,KITTI,AR,1686,31.565010
dtok32,KITTI,AR,2248,29.776691
dtok32,KITTI,AR,2810,4.847963
dtok32,KITTI,AR,3372,1.919314
dtok32,KITTI,AR,3934,1.075602
dtok32,KITTI,AR,4496,0.753882
dtok32,KITTI,AR,5058,0.627041
dtok32,KITTI,AR,5620,0.723613
dtok32,KITTI,AR,6182,0.554994
dtok32,KITTI,AR,6744,0.640684
dtok32,KITTI,AR,7306,0.501933
dtok32,KITTI,AR,7868,0.459134
dtok32,KITTI,AR,8430,0.504307
dtok32,KITTI,AR,8992,0.493473
dtok32,KITTI,AR,9554,0.443726
dtok32,KITTI,AR,10116,0.446244
dtok32,KITTI,AR,10678,0.416925
dtok32,KITTI,AR,11240,0.478980
dtok32,KITTI,AR,11802,0.461684
dtok32,KITTI,AR,12364,0.471146
dtok32,KITTI,AR,12926,0.439600
dtok32,KITTI,AR,13488,0.438927
dtok32,KITTI,AR,14050,0.425490
dtok32,KITTI,AR,14612,0.397301
dtok32,KITTI,AR,15174,0.396944
dtok32,KITTI,AR,15736,0.402559
dtok32,KITTI,AR,16298,0.378799
dtok32,KITTI,AR,16860,0.422542
dtok32,KITTI,AR,17422,0.390327
dtok32,KITTI,AR,17984,0.455693
dtok32,KITTI,AR,18546,0.393686
dtok32,KITTI,AR,19108,0.409171
dtok32,KITTI,AR,19670,0.452763
dtok32,KITTI,AR,20232,0.430137
dtok32,KITTI,AR,20794,0.408653
dtok32,KITTI,AR,21356,0.423822
dtok32,KITTI,AR,21918,0.390798
dtok32,KITTI,AR,22480,0.404837
dtok32,KITTI,AR,23042,0.383406
dtok32,KITTI,AR,23604,0.381297
dtok32,KITTI,AR,24166,0.392967
dtok32,KITTI,AR,24728,0.394532
dtok32,KITTI,AR,25290,0.410110
dtok32,KITTI,AR,25852,0.398217
dtok32,KITTI,AR,26414,0.375272
dtok32,KITTI,AR,26976,0.423863
dtok32,KITTI,AR,27538,0.382377
dtok32,KITTI,AR,28100,0.367365
dtok32,KITTI,AR,28662,0.403372
dtok32,KITTI,AR,29224,0.377639
dtok32,KITTI,AR,29786,0.400093
dtok32,KITTI,AR,30348,0.378392
dtok32,KITTI,AR,30910,0.398703
dtok32,KITTI,AR,31472,0.387112
dtok32,KITTI,AR,32034,0.360415
dtok32,KITTI,AR,32596,0.379151
dtok32,KITTI,AR,33158,0.403094
dtok32,KITTI,AR,33720,0.376572
dtok32,KITTI,AR,34282,0.408571
dtok32,KITTI,AR,34844,0.377788
dtok32,KITTI,AR,35406,0.358171
dtok32,KITTI,AR,35968,0.369979
dtok32,KITTI,AR,36530,0.385785
dtok32,KITTI,AR,37092,0.405338
dtok32,KITTI,AR,37654,0.375807
dtok32,KITTI,AR,38216,0.368132
dtok32,KITTI,AR,38778,0.359447
dtok32,KITTI,AR,39340,0.363141
dtok32,KITTI,AR,39902,0.387429
dtok32,KITTI,AR,40464,0.353484
dtok32,KITTI,AR,41026,0.357656
dtok32,KITTI,AR,41588,0.373546
dtok32,KITTI,AR,42150,0.377471
dtok32,KITTI,AR,42712,0.361964
dtok32,KITTI,AR,43274,0.363501
dtok32,KITTI,AR,43836,0.357088
dtok32,KITTI,AR,44398,0.356570
dtok32,KITTI,AR,44960,0.349875
dtok32,KITTI,AR,45522,0.332097
dtok32,KITTI,AR,46084,0.330309
dtok32,KITTI,AR,46646,0.346442
dtok32,KITTI,AR,47208,0.365722
dtok32,KITTI,AR,47770,0.345918
dtok32,KITTI,AR,48332,0.363788
dtok32,KITTI,AR,48894,0.357581
dtok32,KITTI,AR,49456,0.340449
dtok32,KITTI,AR,50018,0.365500
dtok32,KITTI,AR,50580,nan
dtok32,KITTI,AR,51142,nan
dtok32,KITTI,AR,51704,nan
dtok32,KITTI,AR,52266,nan
dtok32,KITTI,AR,52828,nan
dtok32,KITTI,AR,53390,nan
dtok32,KITTI,AR,53952,nan
dtok32,KITTI,AR,54514,nan
dtok32,KITTI,AR,55076,nan
dtok32,KITTI,AR,55638,nan
dtok32,KITTI,AR,56200,nan
dtok32,KITTI,AR,56762,nan
dtok32,nuScenes,single,562,4.138268
dtok32,nuScenes,single,1124,3.657519
dtok32,nuScenes,single,1686,4.122614
dtok32,nuScenes,single,2248,3.715839
dtok32,nuScenes,single,2810,2.752573
dtok32,nuScenes,single,3372,1.964431
dtok32,nuScenes,single,3934,1.164999
dtok32,nuScenes,single,4496,0.897061
dtok32,nuScenes,single,5058,0.623253
dtok32,nuScenes,single,5620,0.714827
dtok32,nuScenes,single,6182,0.581385
dtok32,nuScenes,single,6744,0.551176
dtok32,nuScenes,single,7306,0.473083
dtok32,nuScenes,single,7868,0.504574
dtok32,nuScenes,single,8430,0.491476
dtok32,nuScenes,single,8992,0.449561
dtok32,nuScenes,single,9554,0.491560
dtok32,nuScenes,single,10116,0.454783
dtok32,nuScenes,single,10678,0.435790
dtok32,nuScenes,single,11240,0.449770
dtok32,nuScenes,single,11802,0.425987
dtok32,nuScenes,single,12364,0.464715
dtok32,nuScenes,single,12926,0.438081
dtok32,nuScenes,single,13488,0.437812
dtok32,nuScenes,single,14050,0.386100
dtok32,nuScenes,single,14612,0.398782
dtok32,nuScenes,single,15174,0.419462
dtok32,nuScenes,single,15736,0.422950
dtok32,nuScenes,single,16298,0.430660
dtok32,nuScenes,single,16860,0.457182
dtok32,nuScenes,single,17422,0.416892
dtok32,nuScenes,single,17984,0.426825
dtok32,nuScenes,single,18546,0.379850
dtok32,nuScenes,single,19108,0.394677
dtok32,nuScenes,single,19670,0.421523
dtok32,nuScenes,single,20232,0.407834
dtok32,nuScenes,single,20794,0.394601
dtok32,nuScenes,single,21356,0.368728
dtok32,nuScenes,single,21918,0.390326
dtok32,nuScenes,single,22480,0.377078
dtok32,nuScenes,single,23042,0.375026
dtok32,nuScenes,single,23604,0.370646
dtok32,nuScenes,single,24166,0.368250
dtok32,nuScenes,single,24728,0.365656
dtok32,nuScenes,single,25290,0.415075
dtok32,nuScenes,single,25852,0.388571
dtok32,nuScenes,single,26414,0.363117
dtok32,nuScenes,single,26976,0.462290
dtok32,nuScenes,single,27538,0.390933
dtok32,nuScenes,single,28100,0.378609
dtok32,nuScenes,single,28662,0.374012
dtok32,nuScenes,single,29224,0.375002
dtok32,nuScenes,single,29786,0.395670
dtok32,nuScenes,single,30348,0.383486
dtok32,nuScenes,single,30910,0.402331
dtok32,nuScenes,single,31472,0.389304
dtok32,nuScenes,single,32034,0.359305
dtok32,nuScenes,single,32596,0.384928
dtok32,nuScenes,single,33158,0.378271
dtok32,nuScenes,single,33720,0.376761
dtok32,nuScenes,single,34282,0.377285
dtok32,nuScenes,single,34844,0.376556
dtok32,nuScenes,single,35406,0.362664
dtok32,nuScenes,single,35968,0.364930
dtok32,nuScenes,single,36530,0.399151
dtok32,nuScenes,single,37092,0.350210
dtok32,nuScenes,single,37654,0.386442
dtok32,nuScenes,single,38216,0.393821
dtok32,nuScenes,single,38778,0.366761
dtok32,nuScenes,single,39340,0.365286
dtok32,nuScenes,single,39902,0.377357
dtok32,nuScenes,single,40464,0.373880
dtok32,nuScenes,single,41026,0.360962
dtok32,nuScenes,single,41588,0.359489
dtok32,nuScenes,single,42150,0.367836
dtok32,nuScenes,single,42712,0.378804
dtok32,nuScenes,single,43274,0.359388
dtok32,nuScenes,single,43836,0.371020
dtok32,nuScenes,single,44398,0.353114
dtok32,nuScenes,single,44960,0.364097
dtok32,nuScenes,single,45522,0.359343
dtok32,nuScenes,single,46084,0.352596
dtok32,nuScenes,single,46646,0.376870
dtok32,nuScenes,single,47208,0.347814
dtok32,nuScenes,single,47770,0.358975
dtok32,nuScenes,single,48332,0.347986
dtok32,nuScenes,single,48894,0.357701
dtok32,nuScenes,single,49456,0.351669
dtok32,nuScenes,single,50018,0.338165
dtok32,nuScenes,single,50580,nan
dtok32,nuScenes,single,51142,nan
dtok32,nuScenes,single,51704,nan
dtok32,nuScenes,single,52266,nan
dtok32,nuScenes,single,52828,nan
dtok32,nuScenes,single,53390,nan
dtok32,nuScenes,single,53952,nan
dtok32,nuScenes,single,54514,nan
dtok32,nuScenes,single,55076,nan
dtok32,nuScenes,single,55638,nan
dtok32,nuScenes,single,56200,nan
dtok32,nuScenes,single,56762,nan
dtok32,nuScenes,AR,562,9.556543
dtok32,nuScenes,AR,1124,8.050537
dtok32,nuScenes,AR,1686,8.109568
dtok32,nuScenes,AR,2248,4.861540
dtok32,nuScenes,AR,2810,3.088599
dtok32,nuScenes,AR,3372,2.098816
dtok32,nuScenes,AR,3934,1.222995
dtok32,nuScenes,AR,4496,0.954722
dtok32,nuScenes,AR,5058,0.632736
dtok32,nuScenes,AR,5620,0.740707
dtok32,nuScenes,AR,6182,0.607301
dtok32,nuScenes,AR,6744,0.557606
dtok32,nuScenes,AR,7306,0.483928
dtok32,nuScenes,AR,7868,0.512120
dtok32,nuScenes,AR,8430,0.497616
dtok32,nuScenes,AR,8992,0.457135
dtok32,nuScenes,AR,9554,0.497222
dtok32,nuScenes,AR,10116,0.466622
dtok32,nuScenes,AR,10678,0.441491
dtok32,nuScenes,AR,11240,0.454744
dtok32,nuScenes,AR,11802,0.422195
dtok32,nuScenes,AR,12364,0.473399
dtok32,nuScenes,AR,12926,0.447148
dtok32,nuScenes,AR,13488,0.449357
dtok32,nuScenes,AR,14050,0.389452
dtok32,nuScenes,AR,14612,0.403515
dtok32,nuScenes,AR,15174,0.428514
dtok32,nuScenes,AR,15736,0.438705
dtok32,nuScenes,AR,16298,0.437443
dtok32,nuScenes,AR,16860,0.471538
dtok32,nuScenes,AR,17422,0.427729
dtok32,nuScenes,AR,17984,0.429765
dtok32,nuScenes,AR,18546,0.388235
dtok32,nuScenes,AR,19108,0.402315
dtok32,nuScenes,AR,19670,0.433093
dtok32,nuScenes,AR,20232,0.415662
dtok32,nuScenes,AR,20794,0.405075
dtok32,nuScenes,AR,21356,0.378509
dtok32,nuScenes,AR,21918,0.393397
dtok32,nuScenes,AR,22480,0.385151
dtok32,nuScenes,AR,23042,0.384277
dtok32,nuScenes,AR,23604,0.372304
dtok32,nuScenes,AR,24166,0.374900
dtok32,nuScenes,AR,24728,0.369641
dtok32,nuScenes,AR,25290,0.423882
dtok32,nuScenes,AR,25852,0.393679
dtok32,nuScenes,AR,26414,0.367267
dtok32,nuScenes,AR,26976,0.468324
dtok32,nuScenes,AR,27538,0.397165
dtok32,nuScenes,AR,28100,0.384111
dtok32,nuScenes,AR,28662,0.376103
dtok32,nuScenes,AR,29224,0.380642
dtok32,nuScenes,AR,29786,0.400580
dtok32,nuScenes,AR,30348,0.384058
dtok32,nuScenes,AR,30910,0.410559
dtok32,nuScenes,AR,31472,0.394911
dtok32,nuScenes,AR,32034,0.361325
dtok32,nuScenes,AR,32596,0.386887
dtok32,nuScenes,AR,33158,0.382160
dtok32,nuScenes,AR,33720,0.382975
dtok32,nuScenes,AR,34282,0.386882
dtok32,nuScenes,AR,34844,0.381282
dtok32,nuScenes,AR,35406,0.367308
dtok32,nuScenes,AR,35968,0.366950
dtok32,nuScenes,AR,36530,0.401373
dtok32,nuScenes,AR,37092,0.359461
dtok32,nuScenes,AR,37654,0.390971
dtok32,nuScenes,AR,38216,0.397516
dtok32,nuScenes,AR,38778,0.374521
dtok32,nuScenes,AR,39340,0.366567
dtok32,nuScenes,AR,39902,0.382288
dtok32,nuScenes,AR,40464,0.376009
dtok32,nuScenes,AR,41026,0.361105
dtok32,nuScenes,AR,41588,0.365849
dtok32,nuScenes,AR,42150,0.372522
dtok32,nuScenes,AR,42712,0.382035
dtok32,nuScenes,AR,43274,0.359900
dtok32,nuScenes,AR,43836,0.372368
dtok32,nuScenes,AR,44398,0.354612
dtok32,nuScenes,AR,44960,0.368935
dtok32,nuScenes,AR,45522,0.369600
dtok32,nuScenes,AR,46084,0.353164
dtok32,nuScenes,AR,46646,0.377129
dtok32,nuScenes,AR,47208,0.354238
dtok32,nuScenes,AR,47770,0.360432
dtok32,nuScenes,AR,48332,0.351694
dtok32,nuScenes,AR,48894,0.358240
dtok32,nuScenes,AR,49456,0.351770
dtok32,nuScenes,AR,50018,0.338279
dtok32,nuScenes,AR,50580,nan
dtok32,nuScenes,AR,51142,nan
dtok32,nuScenes,AR,51704,nan
dtok32,nuScenes,AR,52266,nan
dtok32,nuScenes,AR,52828,nan
dtok32,nuScenes,AR,53390,nan
dtok32,nuScenes,AR,53952,nan
dtok32,nuScenes,AR,54514,nan
dtok32,nuScenes,AR,55076,nan
dtok32,nuScenes,AR,55638,nan
dtok32,nuScenes,AR,56200,nan
dtok32,nuScenes,AR,56762,nan
dtok16,KITTI,single,562,10.524123
dtok16,KITTI,single,1124,14.176383
dtok16,KITTI,single,1686,15.486720
dtok16,KITTI,single,2248,16.346905
dtok16,KITTI,single,2810,13.762395
dtok16,KITTI,single,3372,6.354010
dtok16,KITTI,single,3934,3.268366
dtok16,KITTI,single,4496,2.340248
dtok16,KITTI,single,5058,1.698851
dtok16,KITTI,single,5620,1.656346
dtok16,KITTI,single,6182,1.349526
dtok16,KITTI,single,6744,1.218179
dtok16,KITTI,single,7306,1.114890
dtok16,KITTI,single,7868,0.923189
dtok16,KITTI,single,8430,0.926820
dtok16,KITTI,single,8992,0.850346
dtok16,KITTI,single,9554,0.904706
dtok16,KITTI,single,10116,0.825186
dtok16,KITTI,single,10678,0.754485
dtok16,KITTI,single,11240,0.791124
dtok16,KITTI,single,11802,0.744022
dtok16,KITTI,single,12364,0.780989
dtok16,KITTI,single,12926,0.671091
dtok16,KITTI,single,13488,0.667912
dtok16,KITTI,single,14050,0.745626
dtok16,KITTI,single,14612,0.683421
dtok16,KITTI,single,15174,0.647035
dtok16,KITTI,single,15736,0.680803
dtok16,KITTI,single,16298,0.636886
dtok16,KITTI,single,16860,0.627855
dtok16,KITTI,single,17422,0.602694
dtok16,KITTI,single,17984,0.611420
dtok16,KITTI,single,18546,0.628608
dtok16,KITTI,single,19108,0.573914
dtok16,KITTI,single,19670,0.687359
dtok16,KITTI,single,20232,0.635615
dtok16,KITTI,single,20794,0.626521
dtok16,KITTI,single,21356,0.581333
dtok16,KITTI,single,21918,0.569200
dtok16,KITTI,single,22480,0.567981
dtok16,KITTI,single,23042,0.550123
dtok16,KITTI,single,23604,0.528884
dtok16,KITTI,single,24166,0.565389
dtok16,KITTI,single,24728,0.534471
dtok16,KITTI,single,25290,0.550536
dtok16,KITTI,single,25852,0.523916
dtok16,KITTI,single,26414,0.570228
dtok16,KITTI,single,26976,0.526415
dtok16,KITTI,single,27538,0.522194
dtok16,KITTI,single,28100,0.517842
dtok16,KITTI,single,28662,0.516024
dtok16,KITTI,single,29224,0.543709
dtok16,KITTI,single,29786,0.533803
dtok16,KITTI,single,30348,0.499523
dtok16,KITTI,single,30910,0.519661
dtok16,KITTI,single,31472,0.536900
dtok16,KITTI,single,32034,0.530255
dtok16,KITTI,single,32596,0.531961
dtok16,KITTI,single,33158,0.496974
dtok16,KITTI,single,33720,0.515731
dtok16,KITTI,single,34282,0.507389
dtok16,KITTI,single,34844,0.535470
dtok16,KITTI,single,35406,0.505574
dtok16,KITTI,single,35968,0.530137
dtok16,KITTI,single,36530,0.501237
dtok16,KITTI,single,37092,0.542733
dtok16,KITTI,single,37654,0.525415
dtok16,KITTI,single,38216,0.535468
dtok16,KITTI,single,38778,0.521894
dtok16,KITTI,single,39340,0.503240
dtok16,KITTI,single,39902,0.491458
dtok16,KITTI,single,40464,0.477300
dtok16,KITTI,single,41026,0.559518
dtok16,KITTI,single,41588,0.538575
dtok16,KITTI,single,42150,0.490859
dtok16,KITTI,single,42712,0.513552
dtok16,KITTI,single,43274,0.522131
dtok16,KITTI,single,43836,0.488208
dtok16,KITTI,single,44398,0.488988
dtok16,KITTI,single,44960,0.489131
dtok16,KITTI,single,45522,0.488786
dtok16,KITTI,single,46084,0.482664
dtok16,KITTI,single,46646,0.490859
dtok16,KITTI,single,47208,0.501301
dtok16,KITTI,single,47770,0.476184
dtok16,KITTI,single,48332,0.507639
dtok16,KITTI,single,48894,0.491393
dtok16,KITTI,single,49456,0.526616
dtok16,KITTI,single,50018,0.509719
dtok16,KITTI,single,50580,0.498962
dtok16,KITTI,single,51142,0.487190
dtok16,KITTI,single,51704,0.479191
dtok16,KITTI,single,52266,0.486933
dtok16,KITTI,single,52828,0.479704
dtok16,KITTI,single,53390,0.468854
dtok16,KITTI,single,53952,0.485766
dtok16,KITTI,single,54514,0.472571
dtok16,KITTI,single,55076,0.466706
dtok16,KITTI,single,55638,0.511049
dtok16,KITTI,single,56200,0.481158
dtok16,KITTI,single,56762,0.466158
dtok16,KITTI,AR,562,32.502834
dtok16,KITTI,AR,1124,30.754124
dtok16,KITTI,AR,1686,30.478708
dtok16,KITTI,AR,2248,32.825638
dtok16,KITTI,AR,2810,25.455854
dtok16,KITTI,AR,3372,9.304055
dtok16,KITTI,AR,3934,3.878928
dtok16,KITTI,AR,4496,2.680155
dtok16,KITTI,AR,5058,2.010676
dtok16,KITTI,AR,5620,1.873931
dtok16,KITTI,AR,6182,1.483954
dtok16,KITTI,AR,6744,1.333609
dtok16,KITTI,AR,7306,1.272425
dtok16,KITTI,AR,7868,0.981771
dtok16,KITTI,AR,8430,0.987664
dtok16,KITTI,AR,8992,0.920970
dtok16,KITTI,AR,9554,0.998148
dtok16,KITTI,AR,10116,0.921969
dtok16,KITTI,AR,10678,0.836747
dtok16,KITTI,AR,11240,0.871379
dtok16,KITTI,AR,11802,0.822907
dtok16,KITTI,AR,12364,0.860168
dtok16,KITTI,AR,12926,0.751764
dtok16,KITTI,AR,13488,0.715908
dtok16,KITTI,AR,14050,0.822495
dtok16,KITTI,AR,14612,0.746921
dtok16,KITTI,AR,15174,0.689443
dtok16,KITTI,AR,15736,0.747293
dtok16,KITTI,AR,16298,0.673969
dtok16,KITTI,AR,16860,0.674249
dtok16,KITTI,AR,17422,0.636930
dtok16,KITTI,AR,17984,0.652746
dtok16,KITTI,AR,18546,0.696030
dtok16,KITTI,AR,19108,0.614077
dtok16,KITTI,AR,19670,0.794661
dtok16,KITTI,AR,20232,0.700192
dtok16,KITTI,AR,20794,0.692173
dtok16,KITTI,AR,21356,0.644478
dtok16,KITTI,AR,21918,0.599066
dtok16,KITTI,AR,22480,0.620540
dtok16,KITTI,AR,23042,0.601866
dtok16,KITTI,AR,23604,0.565575
dtok16,KITTI,AR,24166,0.621383
dtok16,KITTI,AR,24728,0.570007
dtok16,KITTI,AR,25290,0.579439
dtok16,KITTI,AR,25852,0.547706
dtok16,KITTI,AR,26414,0.610911
dtok16,KITTI,AR,26976,0.567191
dtok16,KITTI,AR,27538,0.572833
dtok16,KITTI,AR,28100,0.544657
dtok16,KITTI,AR,28662,0.560349
dtok16,KITTI,AR,29224,0.598903
dtok16,KITTI,AR,29786,0.573359
dtok16,KITTI,AR,30348,0.536619
dtok16,KITTI,AR,30910,0.563566
dtok16,KITTI,AR,31472,0.604076
dtok16,KITTI,AR,32034,0.566373
dtok16,KITTI,AR,32596,0.587177
dtok16,KITTI,AR,33158,0.527382
dtok16,KITTI,AR,33720,0.557253
dtok16,KITTI,AR,34282,0.547063
dtok16,KITTI,AR,34844,0.589991
dtok16,KITTI,AR,35406,0.546855
dtok16,KITTI,AR,35968,0.577695
dtok16,KITTI,AR,36530,0.541752
dtok16,KITTI,AR,37092,0.576928
dtok16,KITTI,AR,37654,0.545971
dtok16,KITTI,AR,38216,0.585733
dtok16,KITTI,AR,38778,0.539629
dtok16,KITTI,AR,39340,0.527011
dtok16,KITTI,AR,39902,0.532464
dtok16,KITTI,AR,40464,0.504650
dtok16,KITTI,AR,41026,0.602165
dtok16,KITTI,AR,41588,0.559770
dtok16,KITTI,AR,42150,0.516250
dtok16,KITTI,AR,42712,0.552277
dtok16,KITTI,AR,43274,0.556034
dtok16,KITTI,AR,43836,0.514402
dtok16,KITTI,AR,44398,0.520651
dtok16,KITTI,AR,44960,0.519149
dtok16,KITTI,AR,45522,0.520399
dtok16,KITTI,AR,46084,0.500483
dtok16,KITTI,AR,46646,0.510861
dtok16,KITTI,AR,47208,0.519417
dtok16,KITTI,AR,47770,0.500565
dtok16,KITTI,AR,48332,0.548090
dtok16,KITTI,AR,48894,0.518236
dtok16,KITTI,AR,49456,0.541169
dtok16,KITTI,AR,50018,0.548225
dtok16,KITTI,AR,50580,0.534804
dtok16,KITTI,AR,51142,0.503453
dtok16,KITTI,AR,51704,0.508906
dtok16,KITTI,AR,52266,0.508649
dtok16,KITTI,AR,52828,0.518494
dtok16,KITTI,AR,53390,0.482879
dtok16,KITTI,AR,53952,0.498528
dtok16,KITTI,AR,54514,0.506737
dtok16,KITTI,AR,55076,0.500308
dtok16,KITTI,AR,55638,0.558267
dtok16,KITTI,AR,56200,0.502546
dtok16,KITTI,AR,56762,0.500532
dtok16,nuScenes,single,562,4.105519
dtok16,nuScenes,single,1124,3.878034
dtok16,nuScenes,single,1686,4.936737
dtok16,nuScenes,single,2248,4.746738
dtok16,nuScenes,single,2810,3.573747
dtok16,nuScenes,single,3372,3.132887
dtok16,nuScenes,single,3934,2.349034
dtok16,nuScenes,single,4496,2.041999
dtok16,nuScenes,single,5058,1.770529
dtok16,nuScenes,single,5620,1.353558
dtok16,nuScenes,single,6182,1.307889
dtok16,nuScenes,single,6744,1.182600
dtok16,nuScenes,single,7306,1.195257
dtok16,nuScenes,single,7868,0.970663
dtok16,nuScenes,single,8430,1.009295
dtok16,nuScenes,single,8992,0.900422
dtok16,nuScenes,single,9554,0.917112
dtok16,nuScenes,single,10116,0.823465
dtok16,nuScenes,single,10678,0.722983
dtok16,nuScenes,single,11240,0.757033
dtok16,nuScenes,single,11802,0.739956
dtok16,nuScenes,single,12364,0.743064
dtok16,nuScenes,single,12926,0.729238
dtok16,nuScenes,single,13488,0.691374
dtok16,nuScenes,single,14050,0.699459
dtok16,nuScenes,single,14612,0.641483
dtok16,nuScenes,single,15174,0.655571
dtok16,nuScenes,single,15736,0.645805
dtok16,nuScenes,single,16298,0.617376
dtok16,nuScenes,single,16860,0.618174
dtok16,nuScenes,single,17422,0.629079
dtok16,nuScenes,single,17984,0.600956
dtok16,nuScenes,single,18546,0.608711
dtok16,nuScenes,single,19108,0.619372
dtok16,nuScenes,single,19670,0.641762
dtok16,nuScenes,single,20232,0.619332
dtok16,nuScenes,single,20794,0.625871
dtok16,nuScenes,single,21356,0.609305
dtok16,nuScenes,single,21918,0.590829
dtok16,nuScenes,single,22480,0.587777
dtok16,nuScenes,single,23042,0.584306
dtok16,nuScenes,single,23604,0.610049
dtok16,nuScenes,single,24166,0.591847
dtok16,nuScenes,single,24728,0.562321
dtok16,nuScenes,single,25290,0.596101
dtok16,nuScenes,single,25852,0.542274
dtok16,nuScenes,single,26414,0.602784
dtok16,nuScenes,single,26976,0.604168
dtok16,nuScenes,single,27538,0.533343
dtok16,nuScenes,single,28100,0.540179
dtok16,nuScenes,single,28662,0.584643
dtok16,nuScenes,single,29224,0.605499
dtok16,nuScenes,single,29786,0.547053
dtok16,nuScenes,single,30348,0.531984
dtok16,nuScenes,single,30910,0.596224
dtok16,nuScenes,single,31472,0.549058
dtok16,nuScenes,single,32034,0.534983
dtok16,nuScenes,single,32596,0.527811
dtok16,nuScenes,single,33158,0.514697
dtok16,nuScenes,single,33720,0.516564
dtok16,nuScenes,single,34282,0.530996
dtok16,nuScenes,single,34844,0.536168
dtok16,nuScenes,single,35406,0.574779
dtok16,nuScenes,single,35968,0.532970
dtok16,nuScenes,single,36530,0.509127
dtok16,nuScenes,single,37092,0.538651
dtok16,nuScenes,single,37654,0.504284
dtok16,nuScenes,single,38216,0.557942
dtok16,nuScenes,single,38778,0.511336
dtok16,nuScenes,single,39340,0.524121
dtok16,nuScenes,single,39902,0.495855
dtok16,nuScenes,single,40464,0.497738
dtok16,nuScenes,single,41026,0.514211
dtok16,nuScenes,single,41588,0.495043
dtok16,nuScenes,single,42150,0.520858
dtok16,nuScenes,single,42712,0.504700
dtok16,nuScenes,single,43274,0.527077
dtok16,nuScenes,single,43836,0.539196
dtok16,nuScenes,single,44398,0.522003
dtok16,nuScenes,single,44960,0.522014
dtok16,nuScenes,single,45522,0.498945
dtok16,nuScenes,single,46084,0.522452
dtok16,nuScenes,single,46646,0.491235
dtok16,nuScenes,single,47208,0.511834
dtok16,nuScenes,single,47770,0.493098
dtok16,nuScenes,single,48332,0.499263
dtok16,nuScenes,single,48894,0.483963
dtok16,nuScenes,single,49456,0.490554
dtok16,nuScenes,single,50018,0.497866
dtok16,nuScenes,single,50580,0.492468
dtok16,nuScenes,single,51142,0.486758
dtok16,nuScenes,single,51704,0.481140
dtok16,nuScenes,single,52266,0.494632
dtok16,nuScenes,single,52828,0.481854
dtok16,nuScenes,single,53390,0.491319
dtok16,nuScenes,single,53952,0.482999
dtok16,nuScenes,single,54514,0.498917
dtok16,nuScenes,single,55076,0.480562
dtok16,nuScenes,single,55638,0.490987
dtok16,nuScenes,single,56200,0.463315
dtok16,nuScenes,single,56762,0.453163
dtok16,nuScenes,AR,562,9.427555
dtok16,nuScenes,AR,1124,8.233892
dtok16,nuScenes,AR,1686,8.849442
dtok16,nuScenes,AR,2248,7.683089
dtok16,nuScenes,AR,2810,4.451348
dtok16,nuScenes,AR,3372,4.031476
dtok16,nuScenes,AR,3934,2.714704
dtok16,nuScenes,AR,4496,2.443197
dtok16,nuScenes,AR,5058,2.073743
dtok16,nuScenes,AR,5620,1.538388
dtok16,nuScenes,AR,6182,1.482170
dtok16,nuScenes,AR,6744,1.342334
dtok16,nuScenes,AR,7306,1.332675
dtok16,nuScenes,AR,7868,1.081846
dtok16,nuScenes,AR,8430,1.128344
dtok16,nuScenes,AR,8992,1.025080
dtok16,nuScenes,AR,9554,1.030315
dtok16,nuScenes,AR,10116,0.924083
dtok16,nuScenes,AR,10678,0.800736
dtok16,nuScenes,AR,11240,0.818961
dtok16,nuScenes,AR,11802,0.840814
dtok16,nuScenes,AR,12364,0.835244
dtok16,nuScenes,AR,12926,0.814976
dtok16,nuScenes,AR,13488,0.738345
dtok16,nuScenes,AR,14050,0.788201
dtok16,nuScenes,AR,14612,0.722009
dtok16,nuScenes,AR,15174,0.719484
dtok16,nuScenes,AR,15736,0.713754
dtok16,nuScenes,AR,16298,0.688303
dtok16,nuScenes,AR,16860,0.681945
dtok16,nuScenes,AR,17422,0.725721
dtok16,nuScenes,AR,17984,0.666529
dtok16,nuScenes,AR,18546,0.654367
dtok16,nuScenes,AR,19108,0.696438
dtok16,nuScenes,AR,19670,0.705251
dtok16,nuScenes,AR,20232,0.679514
dtok16,nuScenes,AR,20794,0.660293
dtok16,nuScenes,AR,21356,0.643264
dtok16,nuScenes,AR,21918,0.670203
dtok16,nuScenes,AR,22480,0.640566
dtok16,nuScenes,AR,23042,0.643925
dtok16,nuScenes,AR,23604,0.666359
dtok16,nuScenes,AR,24166,0.637897
dtok16,nuScenes,AR,24728,0.621074
dtok16,nuScenes,AR,25290,0.644220
dtok16,nuScenes,AR,25852,0.592205
dtok16,nuScenes,AR,26414,0.663481
dtok16,nuScenes,AR,26976,0.656507
dtok16,nuScenes,AR,27538,0.575150
dtok16,nuScenes,AR,28100,0.598946
dtok16,nuScenes,AR,28662,0.644011
dtok16,nuScenes,AR,29224,0.678516
dtok16,nuScenes,AR,29786,0.595368
dtok16,nuScenes,AR,30348,0.569250
dtok16,nuScenes,AR,30910,0.670786
dtok16,nuScenes,AR,31472,0.588598
dtok16,nuScenes,AR,32034,0.591440
dtok16,nuScenes,AR,32596,0.561164
dtok16,nuScenes,AR,33158,0.541271
dtok16,nuScenes,AR,33720,0.548489
dtok16,nuScenes,AR,34282,0.557719
dtok16,nuScenes,AR,34844,0.584790
dtok16,nuScenes,AR,35406,0.640229
dtok16,nuScenes,AR,35968,0.582512
dtok16,nuScenes,AR,36530,0.530221
dtok16,nuScenes,AR,37092,0.569793
dtok16,nuScenes,AR,37654,0.530434
dtok16,nuScenes,AR,38216,0.599659
dtok16,nuScenes,AR,38778,0.546975
dtok16,nuScenes,AR,39340,0.566313
dtok16,nuScenes,AR,39902,0.524095
dtok16,nuScenes,AR,40464,0.544255
dtok16,nuScenes,AR,41026,0.543413
dtok16,nuScenes,AR,41588,0.528142
dtok16,nuScenes,AR,42150,0.557620
dtok16,nuScenes,AR,42712,0.543396
dtok16,nuScenes,AR,43274,0.563797
dtok16,nuScenes,AR,43836,0.602600
dtok16,nuScenes,AR,44398,0.559894
dtok16,nuScenes,AR,44960,0.548775
dtok16,nuScenes,AR,45522,0.523809
dtok16,nuScenes,AR,46084,0.546371
dtok16,nuScenes,AR,46646,0.509752
dtok16,nuScenes,AR,47208,0.557454
dtok16,nuScenes,AR,47770,0.514298
dtok16,nuScenes,AR,48332,0.535681
dtok16,nuScenes,AR,48894,0.517674
dtok16,nuScenes,AR,49456,0.517843
dtok16,nuScenes,AR,50018,0.524409
dtok16,nuScenes,AR,50580,0.533853
dtok16,nuScenes,AR,51142,0.520380
dtok16,nuScenes,AR,51704,0.522693
dtok16,nuScenes,AR,52266,0.517435
dtok16,nuScenes,AR,52828,0.505790
dtok16,nuScenes,AR,53390,0.510870
dtok16,nuScenes,AR,53952,0.505284
dtok16,nuScenes,AR,54514,0.538299
dtok16,nuScenes,AR,55076,0.513440
dtok16,nuScenes,AR,55638,0.507004
dtok16,nuScenes,AR,56200,0.494315
dtok16,nuScenes,AR,56762,0.477731
dtok8,KITTI,single,562,10.702402
dtok8,KITTI,single,1124,23.536190
dtok8,KITTI,single,1686,12.997207
dtok8,KITTI,single,2248,20.897696
dtok8,KITTI,single,2810,25.240776
dtok8,KITTI,single,3372,20.201271
dtok8,KITTI,single,3934,15.059101
dtok8,KITTI,single,4496,6.872852
dtok8,KITTI,single,5058,4.320959
dtok8,KITTI,single,5620,2.869573
dtok8,KITTI,single,6182,2.360707
dtok8,KITTI,single,6744,2.322455
dtok8,KITTI,single,7306,1.861818
dtok8,KITTI,single,7868,1.714898
dtok8,KITTI,single,8430,1.978311
dtok8,KITTI,single,8992,1.597095
dtok8,KITTI,single,9554,1.416767
dtok8,KITTI,single,10116,1.369179
dtok8,KITTI,single,10678,1.264465
dtok8,KITTI,single,11240,1.470635
dtok8,KITTI,single,11802,1.338676
dtok8,KITTI,single,12364,1.242208
dtok8,KITTI,single,12926,1.213202
dtok8,KITTI,single,13488,1.176460
dtok8,KITTI,single,14050,1.186300
dtok8,KITTI,single,14612,1.093073
dtok8,KITTI,single,15174,1.191832
dtok8,KITTI,single,15736,1.048706
dtok8,KITTI,single,16298,0.934131
dtok8,KITTI,single,16860,0.957193
dtok8,KITTI,single,17422,0.951827
dtok8,KITTI,single,17984,0.936054
dtok8,KITTI,single,18546,0.964629
dtok8,KITTI,single,19108,1.035217
dtok8,KITTI,single,19670,0.867948
dtok8,KITTI,single,20232,0.918098
dtok8,KITTI,single,20794,0.948974
dtok8,KITTI,single,21356,0.956750
dtok8,KITTI,single,21918,0.816902
dtok8,KITTI,single,22480,0.885102
dtok8,KITTI,single,23042,0.844017
dtok8,KITTI,single,23604,0.850121
dtok8,KITTI,single,24166,0.811616
dtok8,KITTI,single,24728,0.809359
dtok8,KITTI,single,25290,0.835011
dtok8,KITTI,single,25852,0.869232
dtok8,KITTI,single,26414,0.889502
dtok8,KITTI,single,26976,0.849357
dtok8,KITTI,single,27538,0.839509
dtok8,KITTI,single,28100,0.786425
dtok8,KITTI,single,28662,0.899455
dtok8,KITTI,single,29224,0.817877
dtok8,KITTI,single,29786,0.815699
dtok8,KITTI,single,30348,0.842308
dtok8,KITTI,single,30910,0.805884
dtok8,KITTI,single,31472,0.829953
dtok8,KITTI,single,32034,0.796113
dtok8,KITTI,single,32596,0.853690
dtok8,KITTI,single,33158,0.839157
dtok8,KITTI,single,33720,0.848466
dtok8,KITTI,single,34282,0.789102
dtok8,KITTI,single,34844,0.799004
dtok8,KITTI,single,35406,0.730989
dtok8,KITTI,single,35968,0.822057
dtok8,KITTI,single,36530,0.807395
dtok8,KITTI,single,37092,0.781564
dtok8,KITTI,single,37654,0.787526
dtok8,KITTI,single,38216,0.777969
dtok8,KITTI,single,38778,0.756320
dtok8,KITTI,single,39340,0.756779
dtok8,KITTI,single,39902,0.744783
dtok8,KITTI,single,40464,0.745855
dtok8,KITTI,single,41026,0.776655
dtok8,KITTI,single,41588,0.763768
dtok8,KITTI,single,42150,0.735797
dtok8,KITTI,single,42712,0.742158
dtok8,KITTI,single,43274,0.746499
dtok8,KITTI,single,43836,0.701748
dtok8,KITTI,single,44398,0.780083
dtok8,KITTI,single,44960,0.765591
dtok8,KITTI,single,45522,0.759209
dtok8,KITTI,single,46084,0.727418
dtok8,KITTI,single,46646,0.789206
dtok8,KITTI,single,47208,0.723485
dtok8,KITTI,single,47770,0.719339
dtok8,KITTI,single,48332,0.708690
dtok8,KITTI,single,48894,0.738947
dtok8,KITTI,single,49456,0.776392
dtok8,KITTI,single,50018,0.706014
dtok8,KITTI,single,50580,0.805944
dtok8,KITTI,single,51142,0.759192
dtok8,KITTI,single,51704,0.741446
dtok8,KITTI,single,52266,0.705940
dtok8,KITTI,single,52828,0.791875
dtok8,KITTI,single,53390,0.703595
dtok8,KITTI,single,53952,0.695538
dtok8,KITTI,single,54514,0.720081
dtok8,KITTI,single,55076,0.732520
dtok8,KITTI,single,55638,0.760894
dtok8,KITTI,single,56200,0.729361
dtok8,KITTI,single,56762,0.736391
dtok8,KITTI,AR,562,31.642616
dtok8,KITTI,AR,1124,32.602940
dtok8,KITTI,AR,1686,32.243713
dtok8,KITTI,AR,2248,33.511295
dtok8,KITTI,AR,2810,35.579636
dtok8,KITTI,AR,3372,34.494053
dtok8,KITTI,AR,3934,25.193199
dtok8,KITTI,AR,4496,10.808552
dtok8,KITTI,AR,5058,5.008288
dtok8,KITTI,AR,5620,3.423914
dtok8,KITTI,AR,6182,2.866832
dtok8,KITTI,AR,6744,2.792089
dtok8,KITTI,AR,7306,2.352695
dtok8,KITTI,AR,7868,2.106510
dtok8,KITTI,AR,8430,2.348846
dtok8,KITTI,AR,8992,2.203934
dtok8,KITTI,AR,9554,1.795170
dtok8,KITTI,AR,10116,1.748079
dtok8,KITTI,AR,10678,1.549209
dtok8,KITTI,AR,11240,1.742748
dtok8,KITTI,AR,11802,1.524373
dtok8,KITTI,AR,12364,1.411188
dtok8,KITTI,AR,12926,1.415286
dtok8,KITTI,AR,13488,1.340026
dtok8,KITTI,AR,14050,1.349706
dtok8,KITTI,AR,14612,1.254574
dtok8,KITTI,AR,15174,1.448600
dtok8,KITTI,AR,15736,1.220556
dtok8,KITTI,AR,16298,1.085323
dtok8,KITTI,AR,16860,1.122077
dtok8,KITTI,AR,17422,1.092894
dtok8,KITTI,AR,17984,1.120694
dtok8,KITTI,AR,18546,1.145480
dtok8,KITTI,AR,19108,1.223075
dtok8,KITTI,AR,19670,0.966991
dtok8,KITTI,AR,20232,1.055250
dtok8,KITTI,AR,20794,1.067372
dtok8,KITTI,AR,21356,1.128281
dtok8,KITTI,AR,21918,0.883940
dtok8,KITTI,AR,22480,0.988799
dtok8,KITTI,AR,23042,0.930889
dtok8,KITTI,AR,23604,0.947745
dtok8,KITTI,AR,24166,0.891953
dtok8,KITTI,AR,24728,0.881414
dtok8,KITTI,AR,25290,0.937981
dtok8,KITTI,AR,25852,0.962456
dtok8,KITTI,AR,26414,1.032576
dtok8,KITTI,AR,26976,0.927416
dtok8,KITTI,AR,27538,0.907603
dtok8,KITTI,AR,28100,0.840859
dtok8,KITTI,AR,28662,1.003854
dtok8,KITTI,AR,29224,0.927630
dtok8,KITTI,AR,29786,0.902367
dtok8,KITTI,AR,30348,0.956256
dtok8,KITTI,AR,30910,0.866024
dtok8,KITTI,AR,31472,0.933895
dtok8,KITTI,AR,32034,0.865697
dtok8,KITTI,AR,32596,0.944510
dtok8,KITTI,AR,33158,0.915121
dtok8,KITTI,AR,33720,0.969818
dtok8,KITTI,AR,34282,0.856992
dtok8,KITTI,AR,34844,0.865378
dtok8,KITTI,AR,35406,0.785126
dtok8,KITTI,AR,35968,0.894372
dtok8,KITTI,AR,36530,0.893454
dtok8,KITTI,AR,37092,0.861627
dtok8,KITTI,AR,37654,0.856897
dtok8,KITTI,AR,38216,0.871560
dtok8,KITTI,AR,38778,0.832390
dtok8,KITTI,AR,39340,0.834456
dtok8,KITTI,AR,39902,0.799337
dtok8,KITTI,AR,40464,0.812087
dtok8,KITTI,AR,41026,0.855302
dtok8,KITTI,AR,41588,0.804331
dtok8,KITTI,AR,42150,0.829700
dtok8,KITTI,AR,42712,0.817943
dtok8,KITTI,AR,43274,0.805378
dtok8,KITTI,AR,43836,0.764445
dtok8,KITTI,AR,44398,0.851435
dtok8,KITTI,AR,44960,0.836900
dtok8,KITTI,AR,45522,0.814004
dtok8,KITTI,AR,46084,0.793629
dtok8,KITTI,AR,46646,0.835889
dtok8,KITTI,AR,47208,0.778288
dtok8,KITTI,AR,47770,0.797902
dtok8,KITTI,AR,48332,0.786333
dtok8,KITTI,AR,48894,0.790272
dtok8,KITTI,AR,49456,0.825086
dtok8,KITTI,AR,50018,0.756304
dtok8,KITTI,AR,50580,0.895130
dtok8,KITTI,AR,51142,0.810408
dtok8,KITTI,AR,51704,0.800247
dtok8,KITTI,AR,52266,0.739791
dtok8,KITTI,AR,52828,0.840888
dtok8,KITTI,AR,53390,0.749655
dtok8,KITTI,AR,53952,0.761913
dtok8,KITTI,AR,54514,0.776034
dtok8,KITTI,AR,55076,0.781653
dtok8,KITTI,AR,55638,0.825797
dtok8,KITTI,AR,56200,0.772314
dtok8,KITTI,AR,56762,0.794375
dtok8,nuScenes,single,562,4.141666
dtok8,nuScenes,single,1124,5.214484
dtok8,nuScenes,single,1686,4.518497
dtok8,nuScenes,single,2248,4.530441
dtok8,nuScenes,single,2810,4.800970
dtok8,nuScenes,single,3372,4.642750
dtok8,nuScenes,single,3934,3.744455
dtok8,nuScenes,single,4496,3.276703
dtok8,nuScenes,single,5058,2.637929
dtok8,nuScenes,single,5620,2.227325
dtok8,nuScenes,single,6182,2.209547
dtok8,nuScenes,single,6744,1.834261
dtok8,nuScenes,single,7306,1.811952
dtok8,nuScenes,single,7868,1.567534
dtok8,nuScenes,single,8430,1.726509
dtok8,nuScenes,single,8992,1.650261
dtok8,nuScenes,single,9554,1.319301
dtok8,nuScenes,single,10116,1.345688
dtok8,nuScenes,single,10678,1.279889
dtok8,nuScenes,single,11240,1.289011
dtok8,nuScenes,single,11802,1.145655
dtok8,nuScenes,single,12364,0.998096
dtok8,nuScenes,single,12926,1.026129
dtok8,nuScenes,single,13488,1.078796
dtok8,nuScenes,single,14050,0.998177
dtok8,nuScenes,single,14612,0.944312
dtok8,nuScenes,single,15174,0.951487
dtok8,nuScenes,single,15736,0.893862
dtok8,nuScenes,single,16298,0.890067
dtok8,nuScenes,single,16860,0.878749
dtok8,nuScenes,single,17422,0.815897
dtok8,nuScenes,single,17984,0.778974
dtok8,nuScenes,single,18546,0.826141
dtok8,nuScenes,single,19108,0.861155
dtok8,nuScenes,single,19670,0.834090
dtok8,nuScenes,single,20232,0.843352
dtok8,nuScenes,single,20794,0.747166
dtok8,nuScenes,single,21356,0.804698
dtok8,nuScenes,single,21918,0.772835
dtok8,nuScenes,single,22480,0.758496
dtok8,nuScenes,single,23042,0.756771
dtok8,nuScenes,single,23604,0.752662
dtok8,nuScenes,single,24166,0.754496
dtok8,nuScenes,single,24728,0.742233
dtok8,nuScenes,single,25290,0.747633
dtok8,nuScenes,single,25852,0.700391
dtok8,nuScenes,single,26414,0.818497
dtok8,nuScenes,single,26976,0.767704
dtok8,nuScenes,single,27538,0.783837
dtok8,nuScenes,single,28100,0.745549
dtok8,nuScenes,single,28662,0.734363
dtok8,nuScenes,single,29224,0.765973
dtok8,nuScenes,single,29786,0.660273
dtok8,nuScenes,single,30348,0.706323
dtok8,nuScenes,single,30910,0.732123
dtok8,nuScenes,single,31472,0.776753
dtok8,nuScenes,single,32034,0.700295
dtok8,nuScenes,single,32596,0.718249
dtok8,nuScenes,single,33158,0.706410
dtok8,nuScenes,single,33720,0.693381
dtok8,nuScenes,single,34282,0.728086
dtok8,nuScenes,single,34844,0.711886
dtok8,nuScenes,single,35406,0.707098
dtok8,nuScenes,single,35968,0.660613
dtok8,nuScenes,single,36530,0.711628
dtok8,nuScenes,single,37092,0.708013
dtok8,nuScenes,single,37654,0.715995
dtok8,nuScenes,single,38216,0.658123
dtok8,nuScenes,single,38778,0.671211
dtok8,nuScenes,single,39340,0.625388
dtok8,nuScenes,single,39902,0.647343
dtok8,nuScenes,single,40464,0.648609
dtok8,nuScenes,single,41026,0.661765
dtok8,nuScenes,single,41588,0.655079
dtok8,nuScenes,single,42150,0.609668
dtok8,nuScenes,single,42712,0.683235
dtok8,nuScenes,single,43274,0.670224
dtok8,nuScenes,single,43836,0.646712
dtok8,nuScenes,single,44398,0.686283
dtok8,nuScenes,single,44960,0.663981
dtok8,nuScenes,single,45522,0.678446
dtok8,nuScenes,single,46084,0.668524
dtok8,nuScenes,single,46646,0.649583
dtok8,nuScenes,single,47208,0.645837
dtok8,nuScenes,single,47770,0.634140
dtok8,nuScenes,single,48332,0.656496
dtok8,nuScenes,single,48894,0.631288
dtok8,nuScenes,single,49456,0.669326
dtok8,nuScenes,single,50018,0.635424
dtok8,nuScenes,single,50580,0.666573
dtok8,nuScenes,single,51142,0.670891
dtok8,nuScenes,single,51704,0.622156
dtok8,nuScenes,single,52266,0.633467
dtok8,nuScenes,single,52828,0.646771
dtok8,nuScenes,single,53390,0.604357
dtok8,nuScenes,single,53952,0.607332
dtok8,nuScenes,single,54514,0.609504
dtok8,nuScenes,single,55076,0.599637
dtok8,nuScenes,single,55638,0.617302
dtok8,nuScenes,single,56200,0.641002
dtok8,nuScenes,single,56762,0.622847
dtok8,nuScenes,AR,562,9.728241
dtok8,nuScenes,AR,1124,10.690894
dtok8,nuScenes,AR,1686,9.136870
dtok8,nuScenes,AR,2248,7.325390
dtok8,nuScenes,AR,2810,7.273023
dtok8,nuScenes,AR,3372,6.751633
dtok8,nuScenes,AR,3934,4.764091
dtok8,nuScenes,AR,4496,3.985974
dtok8,nuScenes,AR,5058,3.278386
dtok8,nuScenes,AR,5620,2.631085
dtok8,nuScenes,AR,6182,2.560681
dtok8,nuScenes,AR,6744,2.121837
dtok8,nuScenes,AR,7306,2.152895
dtok8,nuScenes,AR,7868,1.814687
dtok8,nuScenes,AR,8430,2.108381
dtok8,nuScenes,AR,8992,1.995019
dtok8,nuScenes,AR,9554,1.520610
dtok8,nuScenes,AR,10116,1.617821
dtok8,nuScenes,AR,10678,1.437984
dtok8,nuScenes,AR,11240,1.512823
dtok8,nuScenes,AR,11802,1.255016
dtok8,nuScenes,AR,12364,1.105625
dtok8,nuScenes,AR,12926,1.142186
dtok8,nuScenes,AR,13488,1.271587
dtok8,nuScenes,AR,14050,1.135553
dtok8,nuScenes,AR,14612,1.093095
dtok8,nuScenes,AR,15174,1.114746
dtok8,nuScenes,AR,15736,1.010077
dtok8,nuScenes,AR,16298,0.998084
dtok8,nuScenes,AR,16860,1.014054
dtok8,nuScenes,AR,17422,0.930813
dtok8,nuScenes,AR,17984,0.881360
dtok8,nuScenes,AR,18546,0.943590
dtok8,nuScenes,AR,19108,0.959176
dtok8,nuScenes,AR,19670,0.941470
dtok8,nuScenes,AR,20232,0.939604
dtok8,nuScenes,AR,20794,0.836666
dtok8,nuScenes,AR,21356,0.903841
dtok8,nuScenes,AR,21918,0.876501
dtok8,nuScenes,AR,22480,0.842912
dtok8,nuScenes,AR,23042,0.876014
dtok8,nuScenes,AR,23604,0.850206
dtok8,nuScenes,AR,24166,0.830908
dtok8,nuScenes,AR,24728,0.826939
dtok8,nuScenes,AR,25290,0.847937
dtok8,nuScenes,AR,25852,0.784934
dtok8,nuScenes,AR,26414,0.921554
dtok8,nuScenes,AR,26976,0.884355
dtok8,nuScenes,AR,27538,0.880698
dtok8,nuScenes,AR,28100,0.868819
dtok8,nuScenes,AR,28662,0.857711
dtok8,nuScenes,AR,29224,0.862187
dtok8,nuScenes,AR,29786,0.734300
dtok8,nuScenes,AR,30348,0.794620
dtok8,nuScenes,AR,30910,0.852205
dtok8,nuScenes,AR,31472,0.893802
dtok8,nuScenes,AR,32034,0.788798
dtok8,nuScenes,AR,32596,0.836419
dtok8,nuScenes,AR,33158,0.797265
dtok8,nuScenes,AR,33720,0.781346
dtok8,nuScenes,AR,34282,0.841656
dtok8,nuScenes,AR,34844,0.789988
dtok8,nuScenes,AR,35406,0.792329
dtok8,nuScenes,AR,35968,0.753628
dtok8,nuScenes,AR,36530,0.804318
dtok8,nuScenes,AR,37092,0.814497
dtok8,nuScenes,AR,37654,0.831364
dtok8,nuScenes,AR,38216,0.749030
dtok8,nuScenes,AR,38778,0.760988
dtok8,nuScenes,AR,39340,0.696734
dtok8,nuScenes,AR,39902,0.727720
dtok8,nuScenes,AR,40464,0.728535
dtok8,nuScenes,AR,41026,0.741207
dtok8,nuScenes,AR,41588,0.727975
dtok8,nuScenes,AR,42150,0.669886
dtok8,nuScenes,AR,42712,0.755376
dtok8,nuScenes,AR,43274,0.734845
dtok8,nuScenes,AR,43836,0.706244
dtok8,nuScenes,AR,44398,0.759432
dtok8,nuScenes,AR,44960,0.734046
dtok8,nuScenes,AR,45522,0.755384
dtok8,nuScenes,AR,46084,0.743062
dtok8,nuScenes,AR,46646,0.707497
dtok8,nuScenes,AR,47208,0.693897
dtok8,nuScenes,AR,47770,0.680480
dtok8,nuScenes,AR,48332,0.727054
dtok8,nuScenes,AR,48894,0.728147
dtok8,nuScenes,AR,49456,0.743472
dtok8,nuScenes,AR,50018,0.690842
dtok8,nuScenes,AR,50580,0.737848
dtok8,nuScenes,AR,51142,0.756003
dtok8,nuScenes,AR,51704,0.671452
dtok8,nuScenes,AR,52266,0.694328
dtok8,nuScenes,AR,52828,0.712763
dtok8,nuScenes,AR,53390,0.658933
dtok8,nuScenes,AR,53952,0.661446
dtok8,nuScenes,AR,54514,0.659329
dtok8,nuScenes,AR,55076,0.661235
dtok8,nuScenes,AR,55638,0.696652
dtok8,nuScenes,AR,56200,0.697944
dtok8,nuScenes,AR,56762,0.679541
fixedBug,KITTI,single,562,29.382498
fixedBug,KITTI,single,1124,12.817399
fixedBug,KITTI,single,1686,26.427471
fixedBug,KITTI,single,2248,22.524527
fixedBug,KITTI,single,2810,20.895229
fixedBug,KITTI,single,3372,15.727957
fixedBug,KITTI,single,3934,15.017669
fixedBug,KITTI,single,4496,16.345303
fixedBug,KITTI,single,5058,13.915858
fixedBug,KITTI,single,5620,11.654180
fixedBug,KITTI,single,6182,10.453733
fixedBug,KITTI,single,6744,9.881097
fixedBug,KITTI,single,7306,9.070820
fixedBug,KITTI,single,7868,8.683935
fixedBug,KITTI,single,8430,6.525723
fixedBug,KITTI,single,8992,6.708417
fixedBug,KITTI,single,9554,5.998703
fixedBug,KITTI,single,10116,6.443104
fixedBug,KITTI,single,10678,5.971141
fixedBug,KITTI,single,11240,5.378607
fixedBug,KITTI,single,11802,5.925967
fixedBug,KITTI,single,12364,5.472671
fixedBug,KITTI,single,12926,5.037173
fixedBug,KITTI,single,13488,4.394915
fixedBug,KITTI,single,14050,5.042525
fixedBug,KITTI,single,14612,4.388494
fixedBug,KITTI,single,15174,4.251334
fixedBug,KITTI,single,15736,4.239507
fixedBug,KITTI,single,16298,4.070450
fixedBug,KITTI,single,16860,3.883887
fixedBug,KITTI,single,17422,4.019061
fixedBug,KITTI,single,17984,4.076492
fixedBug,KITTI,single,18546,3.862950
fixedBug,KITTI,single,19108,4.057670
fixedBug,KITTI,single,19670,3.955347
fixedBug,KITTI,single,20232,3.695507
fixedBug,KITTI,single,20794,3.846166
fixedBug,KITTI,single,21356,3.342231
fixedBug,KITTI,single,21918,3.885080
fixedBug,KITTI,single,22480,3.492400
fixedBug,KITTI,single,23042,3.791604
fixedBug,KITTI,single,23604,3.408548
fixedBug,KITTI,single,24166,3.328103
fixedBug,KITTI,single,24728,3.343433
fixedBug,KITTI,single,25290,3.370689
fixedBug,KITTI,single,25852,3.363473
fixedBug,KITTI,single,26414,3.328370
fixedBug,KITTI,single,26976,3.411502
fixedBug,KITTI,single,27538,3.811095
fixedBug,KITTI,single,28100,3.499794
fixedBug,KITTI,single,28662,3.667222
fixedBug,KITTI,single,29224,3.418703
fixedBug,KITTI,single,29786,3.168005
fixedBug,KITTI,single,30348,3.240582
fixedBug,KITTI,single,30910,3.166789
fixedBug,KITTI,single,31472,3.132808
fixedBug,KITTI,single,32034,3.156016
fixedBug,KITTI,single,32596,3.155054
fixedBug,KITTI,single,33158,3.050971
fixedBug,KITTI,single,33720,3.172454
fixedBug,KITTI,single,34282,2.752777
fixedBug,KITTI,single,34844,2.963835
fixedBug,KITTI,single,35406,3.047152
fixedBug,KITTI,single,35968,3.141759
fixedBug,KITTI,single,36530,3.055594
fixedBug,KITTI,single,37092,3.022957
fixedBug,KITTI,single,37654,2.983932
fixedBug,KITTI,single,38216,2.967582
fixedBug,KITTI,single,38778,2.875621
fixedBug,KITTI,single,39340,2.893989
fixedBug,KITTI,single,39902,2.906913
fixedBug,KITTI,single,40464,2.860839
fixedBug,KITTI,single,41026,2.714864
fixedBug,KITTI,single,41588,2.779805
fixedBug,KITTI,single,42150,2.743242
fixedBug,KITTI,single,42712,2.901400
fixedBug,KITTI,single,43274,2.902113
fixedBug,KITTI,single,43836,2.617964
fixedBug,KITTI,single,44398,2.747947
fixedBug,KITTI,single,44960,2.889036
fixedBug,KITTI,single,45522,2.895274
fixedBug,KITTI,single,46084,2.868756
fixedBug,KITTI,single,46646,2.849695
fixedBug,KITTI,single,47208,2.642452
fixedBug,KITTI,single,47770,2.787734
fixedBug,KITTI,single,48332,2.606400
fixedBug,KITTI,single,48894,2.916673
fixedBug,KITTI,single,49456,2.631576
fixedBug,KITTI,single,50018,2.613402
fixedBug,KITTI,single,50580,2.692640
fixedBug,KITTI,single,51142,2.588828
fixedBug,KITTI,single,51704,2.514737
fixedBug,KITTI,single,52266,2.777439
fixedBug,KITTI,single,52828,2.859459
fixedBug,KITTI,single,53390,2.668467
fixedBug,KITTI,single,53952,2.703471
fixedBug,KITTI,single,54514,2.672559
fixedBug,KITTI,single,55076,2.660691
fixedBug,KITTI,single,55638,2.625522
fixedBug,KITTI,single,56200,2.657940
fixedBug,KITTI,AR,562,35.605339
fixedBug,KITTI,AR,1124,30.303982
fixedBug,KITTI,AR,1686,33.811069
fixedBug,KITTI,AR,2248,34.158596
fixedBug,KITTI,AR,2810,36.201572
fixedBug,KITTI,AR,3372,29.538723
fixedBug,KITTI,AR,3934,27.533333
fixedBug,KITTI,AR,4496,29.166588
fixedBug,KITTI,AR,5058,24.352863
fixedBug,KITTI,AR,5620,19.566948
fixedBug,KITTI,AR,6182,17.966562
fixedBug,KITTI,AR,6744,16.160458
fixedBug,KITTI,AR,7306,15.004731
fixedBug,KITTI,AR,7868,14.692744
fixedBug,KITTI,AR,8430,9.878080
fixedBug,KITTI,AR,8992,10.476120
fixedBug,KITTI,AR,9554,8.884874
fixedBug,KITTI,AR,10116,9.226480
fixedBug,KITTI,AR,10678,8.672070
fixedBug,KITTI,AR,11240,7.316500
fixedBug,KITTI,AR,11802,9.140680
fixedBug,KITTI,AR,12364,8.473690
fixedBug,KITTI,AR,12926,6.957161
fixedBug,KITTI,AR,13488,6.104009
fixedBug,KITTI,AR,14050,7.001370
fixedBug,KITTI,AR,14612,6.309339
fixedBug,KITTI,AR,15174,5.625062
fixedBug,KITTI,AR,15736,5.953296
fixedBug,KITTI,AR,16298,5.534664
fixedBug,KITTI,AR,16860,5.577116
fixedBug,KITTI,AR,17422,5.729454
fixedBug,KITTI,AR,17984,5.488234
fixedBug,KITTI,AR,18546,5.195037
fixedBug,KITTI,AR,19108,5.495471
fixedBug,KITTI,AR,19670,5.566545
fixedBug,KITTI,AR,20232,5.104201
fixedBug,KITTI,AR,20794,5.339869
fixedBug,KITTI,AR,21356,4.734588
fixedBug,KITTI,AR,21918,5.145726
fixedBug,KITTI,AR,22480,4.683334
fixedBug,KITTI,AR,23042,4.663259
fixedBug,KITTI,AR,23604,4.907521
fixedBug,KITTI,AR,24166,4.459147
fixedBug,KITTI,AR,24728,4.437078
fixedBug,KITTI,AR,25290,4.527159
fixedBug,KITTI,AR,25852,4.713463
fixedBug,KITTI,AR,26414,4.466996
fixedBug,KITTI,AR,26976,4.745204
fixedBug,KITTI,AR,27538,5.158834
fixedBug,KITTI,AR,28100,4.471152
fixedBug,KITTI,AR,28662,4.992149
fixedBug,KITTI,AR,29224,4.674641
fixedBug,KITTI,AR,29786,4.393096
fixedBug,KITTI,AR,30348,4.538046
fixedBug,KITTI,AR,30910,4.270922
fixedBug,KITTI,AR,31472,4.339254
fixedBug,KITTI,AR,32034,4.480028
fixedBug,KITTI,AR,32596,4.365435
fixedBug,KITTI,AR,33158,4.457090
fixedBug,KITTI,AR,33720,4.346173
fixedBug,KITTI,AR,34282,3.959116
fixedBug,KITTI,AR,34844,4.068372
fixedBug,KITTI,AR,35406,4.153557
fixedBug,KITTI,AR,35968,4.268137
fixedBug,KITTI,AR,36530,4.416141
fixedBug,KITTI,AR,37092,4.134490
fixedBug,KITTI,AR,37654,4.143803
fixedBug,KITTI,AR,38216,4.391433
fixedBug,KITTI,AR,38778,3.857025
fixedBug,KITTI,AR,39340,3.839756
fixedBug,KITTI,AR,39902,4.112989
fixedBug,KITTI,AR,40464,3.920553
fixedBug,KITTI,AR,41026,3.882146
fixedBug,KITTI,AR,41588,3.928225
fixedBug,KITTI,AR,42150,3.955850
fixedBug,KITTI,AR,42712,3.905583
fixedBug,KITTI,AR,43274,4.157943
fixedBug,KITTI,AR,43836,3.687438
fixedBug,KITTI,AR,44398,4.035816
fixedBug,KITTI,AR,44960,3.872234
fixedBug,KITTI,AR,45522,3.966031
fixedBug,KITTI,AR,46084,3.725633
fixedBug,KITTI,AR,46646,4.057641
fixedBug,KITTI,AR,47208,3.468800
fixedBug,KITTI,AR,47770,3.914828
fixedBug,KITTI,AR,48332,3.441121
fixedBug,KITTI,AR,48894,4.079536
fixedBug,KITTI,AR,49456,3.594542
fixedBug,KITTI,AR,50018,3.480464
fixedBug,KITTI,AR,50580,3.670579
fixedBug,KITTI,AR,51142,3.602234
fixedBug,KITTI,AR,51704,3.339996
fixedBug,KITTI,AR,52266,3.663278
fixedBug,KITTI,AR,52828,3.955535
fixedBug,KITTI,AR,53390,3.743731
fixedBug,KITTI,AR,53952,3.601825
fixedBug,KITTI,AR,54514,3.895919
fixedBug,KITTI,AR,55076,3.607989
fixedBug,KITTI,AR,55638,3.780133
fixedBug,KITTI,AR,56200,3.555530
fixedBug,nuScenes,single,562,5.555149
fixedBug,nuScenes,single,1124,6.328189
fixedBug,nuScenes,single,1686,5.814974
fixedBug,nuScenes,single,2248,4.968183
fixedBug,nuScenes,single,2810,4.614894
fixedBug,nuScenes,single,3372,4.148965
fixedBug,nuScenes,single,3934,4.113651
fixedBug,nuScenes,single,4496,4.087345
fixedBug,nuScenes,single,5058,3.901155
fixedBug,nuScenes,single,5620,3.569350
fixedBug,nuScenes,single,6182,3.692843
fixedBug,nuScenes,single,6744,3.598447
fixedBug,nuScenes,single,7306,3.382422
fixedBug,nuScenes,single,7868,3.168633
fixedBug,nuScenes,single,8430,3.132376
fixedBug,nuScenes,single,8992,3.050599
fixedBug,nuScenes,single,9554,3.013100
fixedBug,nuScenes,single,10116,2.932846
fixedBug,nuScenes,single,10678,2.977517
fixedBug,nuScenes,single,11240,2.893164
fixedBug,nuScenes,single,11802,2.935214
fixedBug,nuScenes,single,12364,3.236401
fixedBug,nuScenes,single,12926,2.802136
fixedBug,nuScenes,single,13488,2.615537
fixedBug,nuScenes,single,14050,2.776820
fixedBug,nuScenes,single,14612,2.596965
fixedBug,nuScenes,single,15174,2.626945
fixedBug,nuScenes,single,15736,2.601911
fixedBug,nuScenes,single,16298,2.665729
fixedBug,nuScenes,single,16860,2.813552
fixedBug,nuScenes,single,17422,2.910511
fixedBug,nuScenes,single,17984,2.573756
fixedBug,nuScenes,single,18546,2.649786
fixedBug,nuScenes,single,19108,2.604985
fixedBug,nuScenes,single,19670,2.592097
fixedBug,nuScenes,single,20232,2.609734
fixedBug,nuScenes,single,20794,2.733154
fixedBug,nuScenes,single,21356,2.429155
fixedBug,nuScenes,single,21918,2.541265
fixedBug,nuScenes,single,22480,2.568414
fixedBug,nuScenes,single,23042,2.559247
fixedBug,nuScenes,single,23604,2.638000
fixedBug,nuScenes,single,24166,2.464144
fixedBug,nuScenes,single,24728,2.432621
fixedBug,nuScenes,single,25290,2.417148
fixedBug,nuScenes,single,25852,2.705574
fixedBug,nuScenes,single,26414,2.431541
fixedBug,nuScenes,single,26976,2.368794
fixedBug,nuScenes,single,27538,2.374718
fixedBug,nuScenes,single,28100,2.467626
fixedBug,nuScenes,single,28662,2.377269
fixedBug,nuScenes,single,29224,2.476216
fixedBug,nuScenes,single,29786,2.424777
fixedBug,nuScenes,single,30348,2.466804
fixedBug,nuScenes,single,30910,2.253882
fixedBug,nuScenes,single,31472,2.300145
fixedBug,nuScenes,single,32034,2.250353
fixedBug,nuScenes,single,32596,2.246705
fixedBug,nuScenes,single,33158,2.181575
fixedBug,nuScenes,single,33720,2.404855
fixedBug,nuScenes,single,34282,2.297729
fixedBug,nuScenes,single,34844,2.317792
fixedBug,nuScenes,single,35406,2.112782
fixedBug,nuScenes,single,35968,2.291880
fixedBug,nuScenes,single,36530,2.127840
fixedBug,nuScenes,single,37092,2.234805
fixedBug,nuScenes,single,37654,2.110257
fixedBug,nuScenes,single,38216,2.190984
fixedBug,nuScenes,single,38778,2.240211
fixedBug,nuScenes,single,39340,2.094139
fixedBug,nuScenes,single,39902,2.328660
fixedBug,nuScenes,single,40464,2.061678
fixedBug,nuScenes,single,41026,2.134793
fixedBug,nuScenes,single,41588,2.217326
fixedBug,nuScenes,single,42150,2.185358
fixedBug,nuScenes,single,42712,2.073882
fixedBug,nuScenes,single,43274,2.223708
fixedBug,nuScenes,single,43836,2.215608
fixedBug,nuScenes,single,44398,2.239774
fixedBug,nuScenes,single,44960,2.049007
fixedBug,nuScenes,single,45522,2.085296
fixedBug,nuScenes,single,46084,2.155196
fixedBug,nuScenes,single,46646,2.140384
fixedBug,nuScenes,single,47208,2.112961
fixedBug,nuScenes,single,47770,2.217783
fixedBug,nuScenes,single,48332,2.169371
fixedBug,nuScenes,single,48894,2.121581
fixedBug,nuScenes,single,49456,2.094073
fixedBug,nuScenes,single,50018,2.118644
fixedBug,nuScenes,single,50580,2.067224
fixedBug,nuScenes,single,51142,2.192769
fixedBug,nuScenes,single,51704,2.057098
fixedBug,nuScenes,single,52266,2.197272
fixedBug,nuScenes,single,52828,2.123328
fixedBug,nuScenes,single,53390,2.040595
fixedBug,nuScenes,single,53952,1.963728
fixedBug,nuScenes,single,54514,1.959122
fixedBug,nuScenes,single,55076,2.105832
fixedBug,nuScenes,single,55638,1.995950
fixedBug,nuScenes,single,56200,2.049130
fixedBug,nuScenes,AR,562,10.175374
fixedBug,nuScenes,AR,1124,10.385813
fixedBug,nuScenes,AR,1686,9.063146
fixedBug,nuScenes,AR,2248,8.323568
fixedBug,nuScenes,AR,2810,7.193205
fixedBug,nuScenes,AR,3372,6.537758
fixedBug,nuScenes,AR,3934,5.992393
fixedBug,nuScenes,AR,4496,5.802475
fixedBug,nuScenes,AR,5058,5.396787
fixedBug,nuScenes,AR,5620,4.714606
fixedBug,nuScenes,AR,6182,4.792388
fixedBug,nuScenes,AR,6744,4.711434
fixedBug,nuScenes,AR,7306,4.370522
fixedBug,nuScenes,AR,7868,4.123970
fixedBug,nuScenes,AR,8430,3.970612
fixedBug,nuScenes,AR,8992,3.856788
fixedBug,nuScenes,AR,9554,3.795915
fixedBug,nuScenes,AR,10116,3.746814
fixedBug,nuScenes,AR,10678,3.793292
fixedBug,nuScenes,AR,11240,3.572997
fixedBug,nuScenes,AR,11802,3.582649
fixedBug,nuScenes,AR,12364,4.168949
fixedBug,nuScenes,AR,12926,3.447429
fixedBug,nuScenes,AR,13488,3.260330
fixedBug,nuScenes,AR,14050,3.514478
fixedBug,nuScenes,AR,14612,3.307399
fixedBug,nuScenes,AR,15174,3.300011
fixedBug,nuScenes,AR,15736,3.292459
fixedBug,nuScenes,AR,16298,3.361742
fixedBug,nuScenes,AR,16860,3.508335
fixedBug,nuScenes,AR,17422,3.720832
fixedBug,nuScenes,AR,17984,3.212243
fixedBug,nuScenes,AR,18546,3.361408
fixedBug,nuScenes,AR,19108,3.301569
fixedBug,nuScenes,AR,19670,3.315782
fixedBug,nuScenes,AR,20232,3.232206
fixedBug,nuScenes,AR,20794,3.560065
fixedBug,nuScenes,AR,21356,3.119628
fixedBug,nuScenes,AR,21918,3.416602
fixedBug,nuScenes,AR,22480,3.047005
fixedBug,nuScenes,AR,23042,3.332764
fixedBug,nuScenes,AR,23604,3.507722
fixedBug,nuScenes,AR,24166,2.969031
fixedBug,nuScenes,AR,24728,3.033680
fixedBug,nuScenes,AR,25290,3.020944
fixedBug,nuScenes,AR,25852,3.333909
fixedBug,nuScenes,AR,26414,3.169057
fixedBug,nuScenes,AR,26976,3.044107
fixedBug,nuScenes,AR,27538,3.076158
fixedBug,nuScenes,AR,28100,3.101523
fixedBug,nuScenes,AR,28662,3.015776
fixedBug,nuScenes,AR,29224,3.073486
fixedBug,nuScenes,AR,29786,2.947566
fixedBug,nuScenes,AR,30348,3.083107
fixedBug,nuScenes,AR,30910,2.834721
fixedBug,nuScenes,AR,31472,2.860726
fixedBug,nuScenes,AR,32034,2.826751
fixedBug,nuScenes,AR,32596,2.798182
fixedBug,nuScenes,AR,33158,2.764893
fixedBug,nuScenes,AR,33720,3.038824
fixedBug,nuScenes,AR,34282,2.914636
fixedBug,nuScenes,AR,34844,3.124187
fixedBug,nuScenes,AR,35406,2.675137
fixedBug,nuScenes,AR,35968,2.743307
fixedBug,nuScenes,AR,36530,2.660012
fixedBug,nuScenes,AR,37092,2.827154
fixedBug,nuScenes,AR,37654,2.647334
fixedBug,nuScenes,AR,38216,2.659211
fixedBug,nuScenes,AR,38778,2.741740
fixedBug,nuScenes,AR,39340,2.690763
fixedBug,nuScenes,AR,39902,3.021758
fixedBug,nuScenes,AR,40464,2.662283
fixedBug,nuScenes,AR,41026,2.648072
fixedBug,nuScenes,AR,41588,2.758556
fixedBug,nuScenes,AR,42150,2.777931
fixedBug,nuScenes,AR,42712,2.620695
fixedBug,nuScenes,AR,43274,2.982189
fixedBug,nuScenes,AR,43836,2.742951
fixedBug,nuScenes,AR,44398,2.793198
fixedBug,nuScenes,AR,44960,2.480692
fixedBug,nuScenes,AR,45522,2.675642
fixedBug,nuScenes,AR,46084,2.773273
fixedBug,nuScenes,AR,46646,2.654492
fixedBug,nuScenes,AR,47208,2.542480
fixedBug,nuScenes,AR,47770,2.742764
fixedBug,nuScenes,AR,48332,2.982769
fixedBug,nuScenes,AR,48894,2.755153
fixedBug,nuScenes,AR,49456,2.685104
fixedBug,nuScenes,AR,50018,2.759069
fixedBug,nuScenes,AR,50580,2.545999
fixedBug,nuScenes,AR,51142,3.018969
fixedBug,nuScenes,AR,51704,2.628189
fixedBug,nuScenes,AR,52266,2.865064
fixedBug,nuScenes,AR,52828,2.694428
fixedBug,nuScenes,AR,53390,2.627212
fixedBug,nuScenes,AR,53952,2.604466
fixedBug,nuScenes,AR,54514,2.559447
fixedBug,nuScenes,AR,55076,2.736943
fixedBug,nuScenes,AR,55638,2.638414
fixedBug,nuScenes,AR,56200,2.688107
